,SMILES,_Name,MaxEStateIndex,MinEStateIndex,qed,MaxPartialCharge,MinPartialCharge,FpDensityMorgan1,FpDensityMorgan3,BalabanJ,BertzCT,HallKierAlpha,Ipc,Kappa2,PEOE_VSA10,PEOE_VSA11,PEOE_VSA12,PEOE_VSA13,PEOE_VSA14,PEOE_VSA2,PEOE_VSA3,PEOE_VSA7,PEOE_VSA8,PEOE_VSA9,SMR_VSA10,SMR_VSA3,SMR_VSA4,SMR_VSA7,SlogP_VSA1,SlogP_VSA10,SlogP_VSA11,SlogP_VSA2,SlogP_VSA3,SlogP_VSA4,SlogP_VSA5,SlogP_VSA6,SlogP_VSA8,TPSA,EState_VSA1,EState_VSA10,EState_VSA2,EState_VSA3,EState_VSA4,EState_VSA5,EState_VSA6,EState_VSA7,EState_VSA8,EState_VSA9,VSA_EState1,VSA_EState2,VSA_EState4,VSA_EState5,VSA_EState6,VSA_EState8,VSA_EState9,FractionCSP3,MolLogP,MolMR,formation_HEAT,HOMO,LUMO,LUMO-HOMO,DIPOLE,LN(SOAC)
0,O=C1C=CC(=O)C=C1,1_4_benzoquinone,10.28277778,-0.120740741,0.416681239,0.17841303,-0.289960574,0.75,1.25,2.826476553,148.7052162,-1.18,70.79892376,1.738120536,0.0,11.56648989,0.0,0.0,0.0,9.589074368,0.0,24.30408043,0.0,0.0,11.56648989,0.0,0.0,24.30408043,0.0,0.0,0.0,11.56648989,9.589074368,0.0,0.0,24.30408043,0.0,34.14,0.0,9.589074368,11.56648989,0.0,0.0,24.30408043,0.0,0.0,0.0,0.0,0.0,20.56555556,0.0,-0.241481481,0.0,0.0,0.0,0.0,0.2506,28.294,-28.37194,-10.556,-2.002,8.554,0.00018,-1.07881
1,Cc1c(C)c2c(c(C)c1O)CC(C)(C)O2,2_3_dihydro_22467_pentamethylbenzofuran_5_ol,9.965950491,-0.140787037,0.706652254,0.126677411,-0.507381396,1.066666667,2.266666667,2.692577985,391.8974729,-1.18,2281.9693,2.907497995,17.10007448,0.0,0.0,0.0,0.0,0.0,0.0,51.30904047,11.98427311,0.0,0.0,0.0,0.0,22.25380597,4.736862954,0.0,11.49902367,10.70757821,6.420821623,20.7712116,36.10128037,0.0,0.0,29.46,0.0,5.106527395,5.601050811,5.749511833,28.86068793,5.563451492,0.0,20.7712116,13.8474744,4.736862954,5.930601852,0.0,3.999861111,1.403101852,0.0,10.07266062,0.0,0.538461538,3.03096,60.7288,-101.68499,-8.047,0.352,8.399,2.57703,0.538997
2,COc1c(O)cc(C)c(O)c1OC,2_3_dimethoxy_5_methyl_1_4_benzenediol,9.517824074,-0.04662037,0.682323929,0.206776942,-0.50414625,1.076923077,2.076923077,3.41280185,319.8810073,-1.58,750.7961841,3.429440079,0.0,11.49902367,11.49902367,0.0,0.0,0.0,0.0,18.55355576,0.0,14.21959508,0.0,0.0,0.0,11.62981856,9.473725908,0.0,22.99804733,24.43264987,0.0,6.9237372,5.563451492,6.066367068,0.0,58.92,0.0,10.21305479,22.99804733,5.563451492,0.0,20.28596215,6.9237372,0.0,0.0,9.473725908,9.761481481,0.0,0.537175926,0.233703704,1.41337963,1.663703704,2.794444444,0.333333333,1.42342,47.6126,-147.22279,-8.498,-0.142,8.356,2.5089,-0.814508038
3,Cc1c(O)ccc(O)c1C,2_3_dimethyl_1_4_benzenediol,9.113425926,0.231759259,0.535657326,0.118517236,-0.507672031,0.9,1.5,3.342153808,226.6796584,-1.18,171.9622554,2.213091917,11.49902367,0.0,0.0,0.0,0.0,0.0,0.0,37.10711152,0.0,0.0,0.0,0.0,0.0,23.25963712,0.0,0.0,11.49902367,10.21305479,0.0,13.8474744,11.12690298,12.13273414,0.0,40.46,0.0,0.0,11.49902367,0.0,11.12690298,12.13273414,13.8474744,0.0,0.0,10.21305479,0.0,0.0,1.472222222,0.463518519,2.967592593,3.536481481,0.0,0.25,1.71464,39.2456,-81.91756,-8.523,0.027,8.55,1.27077,-0.90446
4,CC(C)(C)c1cc(C(C)(C)C)c(O)c(C(C)(C)C)c1,2_4_6_tritertbutylphenol,10.65022203,-0.05025463,0.673700275,0.122541556,-0.507340686,0.631578947,1.157894737,3.676482813,426.9294798,-0.98,5212.935542,4.539426538,5.749511833,0.0,0.0,0.0,0.0,0.0,0.0,32.93532588,0.0,0.0,0.0,0.0,0.0,28.82308861,0.0,0.0,5.749511833,5.106527395,16.24497141,0.0,79.00398927,12.13273414,0.0,20.23,0.0,5.106527395,16.24497141,5.749511833,11.12690298,5.563451492,0.0,0.0,74.44636893,0.0,0.0,0.0,3.374583333,0.465740741,4.342407407,19.58371315,0.0,0.666666667,5.2847,84.2068,-91.82528,-8.48,0.472,8.952,1.63362,-5.46383
5,Cc1ccc(O)c(C)c1,2_4_dimethylphenol,9.043703704,0.375555556,0.557704396,0.117999323,-0.507686937,1.222222222,2.333333333,3.17167803,215.8076621,-0.98,104.2009193,2.094917408,5.749511833,0.0,0.0,0.0,0.0,0.0,0.0,25.47729296,0.0,0.0,0.0,0.0,0.0,29.32600419,0.0,0.0,5.749511833,5.106527395,0.0,13.8474744,11.12690298,18.19910121,0.0,20.23,0.0,0.0,0.0,5.749511833,5.563451492,5.563451492,6.066367068,25.98020854,0.0,5.106527395,0.0,0.0,2.125277778,0.375555556,5.55787037,3.897592593,0.0,0.25,2.00904,37.5808,-40.02879,-8.761,0.212,8.973,1.94837,-1.55228
6,CC(C)=CC(C)C,2_4_dimethyl_2_pentene,2.25,0.712962963,0.442109617,-0.028794947,-0.083321059,1.285714286,1.714285714,3.445171544,64.10749561,-0.26,19.09358393,2.838891423,0.0,0.0,0.0,0.0,0.0,0.0,0.0,19.76538045,0.0,0.0,0.0,0.0,5.917906046,11.64912464,0.0,0.0,0.0,0.0,0.0,5.917906046,27.6949488,11.64912464,0.0,0.0,0.0,0.0,0.0,5.917906046,0.0,5.57310453,0.0,0.0,33.77096891,0.0,0.0,0.0,1.412037037,0.712962963,0.0,8.625,0.0,0.714285714,2.6086,34.269,-24.03372,-9.25,1.392,10.642,0.515,-5.544450436
7,Cc1cc(O)c(C)cc1O,2_5_dimethyl_1_4_benzenediol,9.113425926,0.231759259,0.535657326,0.118516666,-0.507672068,0.9,1.5,3.282462907,203.4296584,-1.18,156.4958014,2.213091917,11.49902367,0.0,0.0,0.0,0.0,0.0,0.0,37.10711152,0.0,0.0,0.0,0.0,0.0,23.25963712,0.0,0.0,11.49902367,10.21305479,0.0,13.8474744,11.12690298,12.13273414,0.0,40.46,0.0,0.0,11.49902367,11.12690298,0.0,0.0,25.98020854,0.0,0.0,10.21305479,0.0,0.0,1.39462963,0.463518519,3.092592593,3.489074074,0.0,0.25,1.71464,39.2456,-83.0851,-8.507,0.044,8.551,0.00288,-0.75199
8,CC(C)(C)c1cc(-c2ccccc2)cc(C(C)(C)C)c1O,2_6_bis1_1_dimethylethyl_4_phenylphenol,10.73139802,-0.088418958,0.715789104,0.122564565,-0.507340288,0.666666667,1.476190476,2.745622399,590.1184824,-1.76,30877.8382,5.215660216,5.749511833,0.0,0.0,0.0,0.0,0.0,0.0,34.08961806,11.12690298,0.0,0.0,0.0,0.0,53.59147246,0.0,0.0,5.749511833,5.106527395,10.82998094,0.0,52.66932618,42.46456948,11.12690298,20.23,0.0,5.106527395,10.82998094,5.749511833,11.12690298,11.12690298,0.0,6.066367068,77.94062561,0.0,0.0,0.0,4.197519605,0.439519558,14.61211837,12.85277778,0.0,0.4,5.6542,90.9428,-45.68521,-8.577,0.042,8.619,1.7962,-6.6816311
9,Cc1cccc(C)c1O,2_6_dimethylphenol,9.206296296,0.414351852,0.557704396,0.120883846,-0.507407376,1.111111111,1.888888889,3.247834734,195.5576621,-0.98,109.7375151,2.094917408,5.749511833,0.0,0.0,0.0,0.0,0.0,0.0,24.97437738,0.0,0.0,0.0,0.0,0.0,29.32600419,0.0,0.0,5.749511833,5.106527395,0.0,13.8474744,11.12690298,18.19910121,0.0,20.23,0.0,5.106527395,0.0,5.749511833,11.12690298,0.0,0.0,32.0465756,0.0,0.0,0.0,0.0,1.87962963,0.414351852,5.717314815,3.782407407,0.0,0.25,2.00904,37.5808,-39.50987,-8.867,0.27,9.137,1.37908,-10.9449
10,Cc1cc(O)cc(C)c1O,2_6_dimethyl_1_4_benzenediol,9.21962963,0.201666667,0.535657326,0.121155949,-0.507941365,1.0,1.8,3.310532875,230.4296584,-1.18,153.1815603,2.213091917,11.49902367,0.0,0.0,0.0,0.0,0.0,0.0,37.10711152,0.0,0.0,0.0,0.0,0.0,23.25963712,0.0,0.0,11.49902367,10.21305479,0.0,13.8474744,11.12690298,12.13273414,0.0,40.46,0.0,5.106527395,11.49902367,11.12690298,0.0,12.13273414,13.8474744,0.0,0.0,5.106527395,0.0,0.0,1.412037037,0.463518519,3.060185185,3.504074074,0.0,0.25,1.71464,39.2456,-83.31769,-8.508,0.058,8.566,0.77243,-1.35812
11,Cc1cc(O)ccc1O,2_methyl_1_4_benzenediol,8.932592593,0.185462963,0.51312204,0.118251236,-0.507951801,1.222222222,2.333333333,3.17167803,218.1561776,-1.18,104.2009193,1.973221425,11.49902367,0.0,0.0,0.0,0.0,0.0,0.0,30.6862899,0.0,0.0,0.0,0.0,0.0,23.7625527,0.0,0.0,11.49902367,10.21305479,0.0,6.9237372,5.563451492,18.19910121,0.0,40.46,0.0,0.0,11.49902367,5.563451492,0.0,18.19910121,6.9237372,0.0,0.0,10.21305479,0.0,0.0,0.689814815,0.401018519,4.418981481,1.731203704,0.0,0.142857143,1.40622,34.5086,-74.26553,-8.652,-0.077,8.575,0.71907,-0.55962
12,CCC=C(C)C,2_methyl_2_pentene,2.208333333,1.168981481,0.427711459,-0.037684641,-0.086163057,1.5,2.0,3.137429879,47.05865003,-0.26,14.83446686,2.950970464,0.0,0.0,0.0,0.0,0.0,0.0,0.0,20.26829602,0.0,0.0,0.0,0.0,0.0,11.64912464,0.0,0.0,0.0,0.0,0.0,0.0,27.19203322,11.64912464,0.0,0.0,0.0,0.0,0.0,0.0,0.0,11.99392615,0.0,0.0,26.84723171,0.0,0.0,0.0,1.414351852,0.0,0.0,6.375,0.0,0.666666667,2.3626,29.722,-18.33483,-9.225,1.391,10.616,0.56641,-5.37382
13,Oc1ccc2ccccc2c1,2_naphthol,9.130243764,0.32287037,0.60201607,0.115716525,-0.507943525,0.818181818,2.363636364,2.828901216,379.2844904,-1.5,487.8529731,2.274078478,5.749511833,0.0,0.0,0.0,0.0,0.0,0.0,22.90518257,0.0,0.0,10.77244843,0.0,0.0,42.46456948,0.0,0.0,5.749511833,5.106527395,0.0,0.0,0.0,42.46456948,10.77244843,20.23,0.0,0.0,0.0,5.749511833,10.77244843,0.0,12.13273414,30.33183534,0.0,5.106527395,0.0,0.0,0.0,0.32287037,13.31281179,0.0,0.0,0.0,2.5454,45.6128,-4.77991,-8.752,-0.648,8.104,1.68813,-7.34556
14,Cc1ccc(O)cc1C,3_4_dimethylphenol,8.9375,0.345462963,0.557704396,0.115359366,-0.507956224,1.111111111,2.222222222,3.17167803,215.8076621,-0.98,104.2009193,2.094917408,5.749511833,0.0,0.0,0.0,0.0,0.0,0.0,37.10711152,0.0,0.0,0.0,0.0,0.0,29.32600419,0.0,0.0,5.749511833,5.106527395,0.0,13.8474744,11.12690298,18.19910121,0.0,20.23,0.0,0.0,0.0,5.749511833,5.563451492,5.563451492,12.13273414,19.91384147,0.0,5.106527395,0.0,0.0,2.349814815,0.345462963,5.363425926,4.003796296,0.0,0.25,2.00904,37.5808,-40.46678,-8.831,0.221,9.052,1.41215,-7.156216638
15,O=c1c(O)c(-c2ccccc2)oc2ccccc12,3_hydroxyflavone,12.01239182,-0.406756425,0.707998048,0.234528924,-0.501515415,0.888888889,2.333333333,2.383140351,757.5407672,-2.55,20929.56648,4.035866968,5.583020142,5.760247419,11.17830223,0.0,0.0,4.794537184,0.0,12.13273414,5.563451492,5.386224214,10.96924436,0.0,0.0,64.82063119,5.428790392,0.0,5.749511833,5.106527395,0.0,0.0,0.0,63.80899174,22.29294327,50.44,5.428790392,9.901064579,11.50975925,16.53269585,0.0,0.0,36.39820241,18.19910121,0.0,4.417150937,5.609444444,12.01239182,0.743249244,-0.13962963,15.94782407,0.0,0.0,0.0,3.1656,69.5848,-48.82021,-8.915,-1.06,7.855,2.66832,-8.025785654
16,Nc1ccc(O)cc1,4_aminophenol,8.701111111,0.249259259,0.384966756,0.115226763,-0.507964321,1.125,2.0,3.032455532,147.3883389,-1.18,70.79892376,1.738120536,5.749511833,0.0,0.0,0.0,0.0,0.0,0.0,24.26546827,5.687386275,0.0,5.687386275,0.0,0.0,24.26546827,5.733667477,5.687386275,5.749511833,5.106527395,0.0,0.0,0.0,24.26546827,0.0,46.25,0.0,0.0,5.749511833,5.687386275,0.0,0.0,24.26546827,0.0,0.0,10.84019487,0.0,0.0,5.984814815,0.249259259,6.398148148,0.0,0.0,0.0,0.9744,32.5192,-21.56485,-8.213,0.031,8.244,2.29935,-1.8563
17,Cc1ccc(O)c(O)c1,4_methylcatechol,8.850092593,-0.068888889,0.51312204,0.15715158,-0.504259895,1.111111111,2.222222222,3.17167803,218.1561776,-1.18,104.2009193,1.973221425,0.0,11.49902367,0.0,0.0,0.0,0.0,0.0,24.61992283,0.0,0.0,0.0,0.0,0.0,23.7625527,0.0,0.0,11.49902367,10.21305479,0.0,6.9237372,5.563451492,18.19910121,0.0,40.46,0.0,0.0,11.49902367,0.0,5.563451492,12.13273414,6.066367068,6.9237372,0.0,10.21305479,0.0,0.0,0.935462963,-0.129074074,4.703425926,1.846388889,0.0,0.142857143,1.40622,34.5086,-73.84837,-8.77,0.052,8.822,2.04955,-3.04913
18,C=CC=C(C)C,4_methyl_1_3_pentadiene,3.524444444,1.296296296,0.42498877,-0.043898935,-0.099067468,1.5,2.0,3.405032613,64.10749561,-0.52,14.83446686,2.703214286,0.0,0.0,0.0,0.0,0.0,0.0,0.0,13.8474744,0.0,0.0,0.0,0.0,0.0,24.30408043,0.0,0.0,0.0,0.0,0.0,0.0,13.8474744,24.30408043,0.0,0.0,0.0,0.0,0.0,0.0,0.0,5.57310453,6.076020107,19.92349451,6.578935684,0.0,0.0,0.0,1.296296296,0.0,0.0,7.611111111,0.0,0.333333333,2.1386,29.628,8.45903,-8.916,0.364,9.28,1.39454,-6.53306183
19,CC(=O)O,acetic_acid,9.0,-0.833333333,0.429882883,0.299684553,-0.481433475,2.0,2.0,2.803039488,27.01955001,-0.53,3.245112498,0.8748583,0.0,0.0,0.0,5.969305288,0.0,4.794537184,0.0,0.0,6.9237372,0.0,5.969305288,0.0,0.0,0.0,0.0,0.0,0.0,11.07583268,4.794537184,0.0,6.9237372,0.0,0.0,37.3,5.969305288,0.0,0.0,0.0,6.9237372,0.0,0.0,0.0,0.0,9.901064579,0.0,9.0,0.0,-0.833333333,0.0,1.083333333,0.0,0.5,0.0909,13.3098,-102.19689,-11.305,0.876,12.181,1.99158,-10.02608987
20,CNCC(O)c1ccc(O)c(O)c1,adrenaline,9.480601852,-0.669907407,0.510156889,0.157261456,-0.504259875,1.307692308,2.538461538,2.835168262,288.1883451,-1.26,795.6618715,4.112564659,0.0,11.49902367,0.0,0.0,0.0,0.0,0.0,24.74385761,6.544756406,6.103966388,0.0,5.316788604,0.0,23.7625527,5.316788604,0.0,11.49902367,28.91201057,0.0,0.0,11.66741788,18.19910121,0.0,72.72,6.103966388,5.106527395,11.49902367,12.1082079,0.0,12.13273414,13.11403905,0.0,5.316788604,10.21305479,0.0,0.0,0.57375,-0.395314153,4.261851852,0.406959562,1.725683894,0.333333333,0.3506,48.6581,-112.67211,-8.791,-0.027,8.764,2.24264,-5.10726213
21,CC1=C(/C=C/C(C)=C/C=C/C(C)=C/C=O)C(C)(C)CCC1,all_e_retinal,10.33956082,0.289919785,0.358457685,0.142600124,-0.298553314,1.095238095,2.380952381,2.797306082,522.0416687,-1.63,29802.85627,7.970554462,6.286160523,0.0,0.0,0.0,0.0,4.794537184,0.0,62.6708961,0.0,0.0,6.286160523,0.0,5.414990469,58.74853876,0.0,0.0,0.0,6.286160523,4.794537184,5.414990469,53.88115087,58.74853876,0.0,17.07,0.0,4.794537184,5.414990469,0.0,11.85926505,35.98177846,6.076020107,19.07577741,45.92300912,0.0,0.0,10.33956082,5.479675777,0.0,0.0,10.94921178,0.0,0.45,5.7169,92.19,-19.73241,-8.799,-0.7,8.099,6.24611,-3.29684
22,CC1=CCCC(C)(C)C1/C=C/C(C)=C/C=C/C(C)=C/C=C/C=C(C)/C=C/C=C(C)/C=C/C1=C(C)CCCC1(C)C,alpha_carotene,2.405108104,0.290943103,0.192284662,0.002851072,-0.084974255,0.7,1.775,1.87619108,1198.3128,-2.86,240732069.0,15.8033283,0.0,0.0,0.0,0.0,0.0,0.0,0.0,90.04961678,5.917906046,0.0,0.0,0.0,16.74788698,130.1520333,0.0,0.0,0.0,0.0,0.0,16.74788698,101.3414801,130.1520333,0.0,0.0,0.0,0.0,0.0,16.74788698,0.0,65.5427353,5.57310453,0.0,160.3776736,0.0,0.0,0.0,10.22471912,0.532101495,0.0,22.73033497,0.0,0.45,12.4617,181.322,36.56551,-7.855,-0.51,7.345,2.10481,4.526126979
23,Cc1c(C)c2c(c(C)c1O)CCC(C)(CCC(=O)O)O2,alpha_cehc,10.76096298,-0.795915638,0.890182406,0.302994897,-0.507381418,1.25,2.5,2.367631152,562.3306793,-1.71,22351.8436,5.000789974,17.10007448,0.0,0.0,0.0,5.969305288,4.794537184,0.0,63.64776814,11.98427311,0.0,5.969305288,0.0,0.0,22.25380597,4.736862954,0.0,11.49902367,21.78341089,11.21535881,20.7712116,48.44000804,0.0,0.0,66.76,11.5703561,9.901064579,6.420821623,12.17033346,40.84496105,0.0,0.0,27.6949488,0.0,9.843390349,6.142824074,10.76096298,3.278981744,0.380869368,0.0,7.694923574,0.0,0.5625,3.26596,76.5416,-204.01793,-8.219,0.267,8.486,1.89144,-0.15415
24,Cc1c(C)c2c(c(C)c1O)CCC(C)(CCCC(C)CCCC(C)CCCC(C)C)O2,alpha_tocopherol,10.38955999,-0.071169628,0.358643944,0.126524753,-0.507381418,0.806451613,1.935483871,1.738265683,705.4238778,-1.18,3925844.643,11.61618397,17.10007448,0.0,0.0,0.0,0.0,0.0,0.0,87.8223079,5.563451492,0.0,0.0,0.0,17.75371814,22.25380597,4.736862954,0.0,11.49902367,10.70757821,6.420821623,38.52492974,121.0807082,0.0,0.0,29.46,0.0,5.106527395,5.601050811,5.749511833,59.45604932,56.93002448,0.0,13.8474744,41.5424232,4.736862954,6.604415772,0.0,4.22848488,4.035239071,0.0,17.93913269,0.0,0.793103448,8.84026,134.3908,-191.76367,-8.024,0.401,8.425,1.09904,0.0
25,CC1=C(C(C[C@@H](C1=O)O)(C)C)/C=C/C(=C/C=C/C(=C/C=C/C=C(/C=C/C=C(/C=C/C2=C(C(=O)[C@H](CC2(C)C)O)C)\C)\C)/C)/C,astaxanthin,2.372446066,0.291132424,0.243512702,0.186792951,-0.384916499,0.568181818,1.204545455,1.949572112,1341.69819,-3.6,1153310285.0,15.92519626,12.20793278,11.56648989,0.0,0.0,0.0,9.589074368,0.0,87.5064655,0.0,0.0,11.56648989,0.0,10.82998094,129.6491177,0.0,0.0,0.0,33.98747746,9.589074368,10.82998094,82.07901524,129.6491177,0.0,74.6,12.20793278,19.80212916,22.39647083,23.98785231,33.43862718,0.0,13.8474744,74.60767547,65.84650363,0.0,0.0,24.46687279,7.160494308,-0.349659584,0.0,20.01472473,0.0,0.4,8.9054,184.9516,-107.57485,-8.174,-0.853,7.321,0.39763,4.691347882
26,CC1=C(C(CCC1)(C)C)/C=C/C(=C/C=C/C(=C/C=C/C=C(/C=C/C=C(/C=C/C2=C(CCCC2(C)C)C)\C)\C)/C)/C,beta_carotene,8.629773085,0.329353269,0.606746373,-0.010398602,-0.06957435,0.5,1.175,1.885637979,1116.383091,-2.86,240732069.0,15.8033283,0.0,0.0,0.0,0.0,0.0,0.0,0.0,102.0435429,0.0,0.0,0.0,0.0,10.82998094,129.6491177,0.0,0.0,0.0,0.0,0.0,10.82998094,107.7623017,129.6491177,0.0,0.0,0.0,0.0,0.0,10.82998094,0.0,71.96355692,11.14620906,0.0,154.3016535,0.0,0.0,0.0,11.72636958,0.0,0.0,22.71267886,0.0,0.45,12.6058,181.392,32.85163,-7.851,-0.528,7.323,1.69626,4.562262685
27,CC1=C(/C=C/C(C)=C/C=C/C(C)=C/C=C/C=C(C)/C=C/C=C(C)/C=C/C2=C(C)CC(O)CC2(C)C)C(C)(C)CCC1,beta_cryptoxanthin,10.10520137,-0.220417547,0.267197726,0.058526656,-0.392763535,0.634146341,1.536585366,1.895127494,1251.395119,-2.9,333636180.7,15.92520809,0.0,0.0,0.0,0.0,0.0,0.0,0.0,95.62272131,0.0,6.103966388,0.0,0.0,10.82998094,129.6491177,0.0,0.0,0.0,11.21049378,0.0,10.82998094,101.3414801,129.6491177,0.0,20.23,0.0,5.106527395,16.93394733,0.0,12.84164325,58.27419658,5.57310453,0.0,154.3016535,0.0,0.0,0.0,10.89484406,0.0,0.0,22.15803209,0.0,0.45,11.5766,182.7818,-9.88114,-7.911,-0.551,7.36,2.07367,4.213607983
28,Cc1cc(O)c(C)c2c1OC(C)(CCCC(C)CCCC(C)CCCC(C)C)CC2,beta_tocopherol,10.10252295,-0.063669628,0.369700788,0.126258801,-0.507661395,0.933333333,2.1,1.692030832,663.0932037,-1.18,2516655.314,11.4421231,17.10007448,0.0,0.0,0.0,0.0,0.0,0.0,81.40148628,5.563451492,0.0,0.0,0.0,17.75371814,22.75672154,4.736862954,0.0,11.49902367,10.70757821,6.420821623,31.60119254,115.5172567,6.066367068,0.0,29.46,0.0,5.106527395,5.601050811,5.749511833,53.89259782,56.93002448,0.0,12.99010427,41.5424232,4.736862954,6.523582439,0.0,3.200654876,3.977623696,1.852986841,15.86479418,0.0,0.785714286,8.53184,129.6538,-181.24629,-8.087,0.35,8.437,1.5456,-0.14387037
29,Cc1cc(C(C)(C)C)c(O)c(C(C)(C)C)c1,bht,10.38449074,-0.01775463,0.690997218,0.122540495,-0.507340695,0.8125,1.375,3.507848338,353.8715828,-0.98,1617.208228,3.796604616,5.749511833,0.0,0.0,0.0,0.0,0.0,0.0,28.88062112,0.0,0.0,0.0,0.0,0.0,28.82308861,0.0,0.0,5.749511833,5.106527395,10.82998094,6.9237372,58.23277767,12.13273414,0.0,20.23,0.0,5.106527395,10.82998094,5.749511833,11.12690298,5.563451492,0.0,0.0,60.59889453,0.0,0.0,0.0,3.258472222,0.463518519,4.175740741,14.88444444,0.0,0.6,4.29562,70.2438,-76.63014,-8.483,0.421,8.904,1.6055,-0.340325806
30,C=CC1=C(C)C(/C=c2\[nH]/c(=C\c3[nH]c(/C=C4\NC(=O)C(C)=C4C=C)c(C)c3CCC(=O)O)c(CCC(=O)O)c2C)=NC1=O,biliverdin,12.27525237,-0.940736216,0.273266696,0.303179333,-0.481221926,0.76744186,1.976744186,1.919947862,1855.789441,-5.25,2326408736.0,12.31786704,0.0,0.0,0.0,11.81435946,11.93861058,19.17814874,4.992404733,86.59156286,51.64706578,11.40872432,47.69271536,15.28474565,4.992404733,97.63928393,16.01504156,0.0,0.0,49.64566687,32.01979198,13.8474744,60.3307796,58.29177375,18.22806032,164.71,11.93861058,29.39120353,37.49764595,55.78725138,22.25380597,6.076020107,32.07553472,19.92349451,33.43502175,0.0,0.0,58.41824364,7.97012371,-2.457109485,0.0,14.77374517,0.0,0.242424242,3.06024,164.6107,-143.86639,-7.989,-1.662,6.327,6.25105,0.430783
31,CC1=C(/C=C/C(C)=C/C=C/C(C)=C/C=C/C=C(C)/C=C/C=C(C)/C=C/C(=O)C2(C)CC(O)CC2(C)C)C(C)(C)CC(O)C1,capsanthin,12.93382794,-0.531571742,0.187681582,0.161685714,-0.393072681,0.651162791,1.627906977,1.887631296,1312.872143,-3.01,741026719.8,15.63630375,0.0,5.783244946,0.0,0.0,0.0,4.794537184,0.0,82.78107807,5.414990469,12.20793278,5.783244946,0.0,16.24497141,118.5029087,0.0,0.0,0.0,28.20423251,4.794537184,16.24497141,94.92065849,118.5029087,0.0,57.53,11.51895686,15.00759197,22.71719227,12.84164325,29.56095684,16.71931359,6.076020107,50.30359504,97.92203835,0.0,0.0,12.93382794,6.344462304,0.085303823,0.0,20.9076355,0.0,0.475,9.8063,184.5856,-93.96825,-8.068,-0.761,7.307,2.75457,4.598145571
32,Oc1ccccc1O,catechol,8.669259259,-0.076388889,0.490727669,0.156883181,-0.504260125,0.875,1.5,3.134861511,162.6383389,-1.18,72.49526583,1.738120536,0.0,11.49902367,0.0,0.0,0.0,0.0,0.0,12.13273414,0.0,0.0,0.0,0.0,0.0,24.26546827,0.0,0.0,11.49902367,10.21305479,0.0,0.0,0.0,24.26546827,0.0,40.46,0.0,0.0,11.49902367,0.0,0.0,12.13273414,12.13273414,0.0,0.0,10.21305479,0.0,0.0,0.0,-0.152777778,6.147592593,0.0,0.0,0.0,1.0978,29.7716,-64.33878,-8.94,-0.038,8.902,2.25982,-5.31541
33,CC(C)CCCC(C)C1CCC2C3CC=C4CC(O)CCC4(C)C3CCC12C,cholesterol,10.20983135,-0.076591607,0.48831176,0.057740057,-0.392796685,1.0,2.535714286,1.489452513,591.0697059,-0.3,2160246.041,7.750696834,0.0,0.0,0.0,0.0,0.0,0.0,0.0,97.7039902,0.0,6.103966388,0.0,0.0,46.33741722,11.64912464,0.0,0.0,0.0,11.21049378,0.0,46.33741722,105.2477239,11.64912464,0.0,20.23,0.0,5.106527395,6.103966388,10.82998094,48.34907952,57.78739461,5.57310453,0.0,40.69470611,0.0,0.0,0.0,2.603106851,5.457280535,0.0,12.56784251,0.0,0.925925926,7.3887,119.0528,-125.21908,-9.205,1.307,10.512,2.1204,-2.341805806
34,O=C(O)/C=C/c1ccc(O)c(O)c1,caffeic_acid,10.12579948,-1.062440004,0.471621333,0.327821203,-0.504259632,1.230769231,2.461538462,2.915115081,354.6323762,-1.97,734.6523961,3.620415974,0.0,11.49902367,0.0,0.0,5.969305288,0.0,4.794537184,23.77220574,6.076020107,0.0,12.04532539,0.0,0.0,29.8385728,0.0,0.0,11.49902367,21.28888747,4.794537184,0.0,5.563451492,24.27512131,6.076020107,77.76,5.969305288,4.794537184,11.49902367,5.563451492,6.076020107,24.27512131,0.0,0.0,0.0,15.31958218,0.0,10.12579948,0.511759259,-1.562427249,4.055678382,0.0,0.0,0.0,1.1956,46.4414,-140.8026,-9.168,-1.007,8.161,3.68956,-5.02220193
35,C1CN2CCN1CC2,dabco,2.541666667,1.319444444,0.421184382,0.011046101,-0.299524254,0.5,0.875,2.031587293,61.509775,-0.08,130.7533184,1.706856448,0.0,0.0,0.0,0.0,0.0,9.799819462,0.0,0.0,39.26853844,0.0,0.0,9.799819462,0.0,0.0,0.0,0.0,0.0,49.0683579,0.0,0.0,0.0,0.0,0.0,6.48,0.0,0.0,0.0,0.0,0.0,39.26853844,0.0,0.0,9.799819462,0.0,0.0,5.083333333,0.0,0.0,0.0,7.916666667,0.0,1.0,-0.3824,32.88,10.83657,-8.649,2.6,11.249,0.00034,0.955511445
36,Cc1cc(O)cc2c1OC(C)(CCCC(C)CCCC(C)CCCC(C)C)CC2,delta_tocopherol,9.815485915,-0.056169628,0.381346868,0.125992634,-0.507941175,0.931034483,2.137931034,1.648158292,621.2089662,-1.18,1625104.887,11.27635495,17.10007448,0.0,0.0,0.0,0.0,0.0,0.0,80.54411615,0.0,0.0,0.0,0.0,17.75371814,23.25963712,4.736862954,0.0,11.49902367,10.70757821,6.420821623,24.67745534,109.9538052,12.13273414,0.0,29.46,0.0,5.106527395,5.601050811,5.749511833,53.89259782,51.36657298,0.0,19.05647134,34.618686,4.736862954,6.442749105,0.0,2.163889686,3.920008321,3.684816275,13.82866901,0.0,0.777777778,8.22342,124.9168,-175.19237,-8.217,0.253,8.47,1.76437,-0.967584026
37,CC(/C=C/C=C(C)/C=C/C=C(\C)CCCC(C)(C)O)=C\C=C\C=C(C)\C=C\C=C(C)\C=C\C=C(/C)CCCC(C)(C)O,dihydroxylycopene,9.817156792,-0.578611632,0.160360046,0.059143483,-0.390471798,0.428571429,0.976190476,4.670048737,1030.999282,-2.94,282898884.1,21.71823491,0.0,0.0,0.0,0.0,0.0,0.0,0.0,107.7623017,0.0,11.20210162,0.0,0.0,0.0,130.6549489,0.0,0.0,0.0,21.41515641,0.0,0.0,107.7623017,130.6549489,0.0,40.46,11.20210162,10.21305479,0.0,0.0,38.52492974,33.43862718,0.0,27.6949488,138.7587449,0.0,0.0,0.0,6.284429175,0.0,0.0,20.15473972,0.0,0.45,11.3276,188.5396,-70.93264,-7.811,-0.576,7.235,2.10583,3.401197
38,NCCc1ccc(O)c(O)c1,dopamine,9.035908919,-0.091878307,0.544872839,0.157163017,-0.504259893,1.181818182,2.454545455,2.864712197,247.8474159,-1.22,310.2236679,3.253808597,0.0,11.49902367,0.0,0.0,0.0,0.0,0.0,30.66176366,0.0,0.0,0.0,0.0,5.733667477,23.7625527,5.733667477,0.0,11.49902367,16.7578112,6.420821623,0.0,5.563451492,18.19910121,0.0,66.48,0.0,0.0,11.49902367,12.96557803,5.563451492,12.13273414,6.066367068,0.0,0.0,15.94672227,0.0,0.0,6.237682351,-0.17896164,4.712731481,0.54584845,0.0,0.25,0.599,42.53,-69.8127,-8.807,-0.026,8.781,1.58254,-5.940171253
39,c1ccc(-c2oc(-c3ccccc3)c3ccccc23)cc1,dpbf,6.237314815,0.935234316,0.450603244,0.142165198,-0.454797993,0.428571429,1.238095238,2.021439791,800.0266719,-2.8,178407.1665,4.949309241,11.52049484,0.0,0.0,0.0,0.0,0.0,0.0,0.0,21.89935141,0.0,10.77244843,0.0,0.0,84.92913896,0.0,0.0,0.0,0.0,0.0,0.0,0.0,89.3462899,33.41984625,13.14,0.0,0.0,0.0,0.0,33.41984625,0.0,0.0,36.39820241,48.53093655,4.417150937,6.237314815,0.0,2.214594671,1.870468632,28.86733844,0.0,0.0,0.0,5.7668,87.086,62.26966,-7.95,-1.037,6.913,0.36298,2.079442
40,Oc1cc(O)c2c(c1)OC(c1ccc(O)c(O)c1)C(O)C2,epicatechin,10.18034297,-0.933439153,0.509592731,0.157304618,-0.507679031,0.904761905,2.380952381,1.997881017,696.8034648,-2.6,57289.59026,4.746545499,23.35250189,11.49902367,0.0,0.0,0.0,0.0,0.0,17.69618563,24.11700725,6.103966388,0.0,0.0,0.0,41.45873833,4.736862954,0.0,28.74755917,31.63660336,6.420821623,0.0,17.23086937,30.33183534,0.0,110.38,12.20793278,25.53263697,35.16838079,11.12690298,0.0,30.33183534,0.0,0.0,0.0,4.736862954,5.624025888,0.0,0.894289756,-0.588932771,6.666153275,0.0,0.0,0.2,1.5461,72.623,-221.01967,-8.895,-0.163,8.732,1.79131,-2.587604048
41,O=C(OC1Cc2c(O)cc(O)cc2OC1c1ccc(O)c(O)c1)c1cc(O)c(O)c(O)c1,epicatechin_gallate,12.70408016,-1.062523621,0.235487113,0.338339156,-0.507679031,0.8125,2.15625,1.72135185,1196.568791,-4.47,11997707.95,7.654260718,23.35250189,34.85152555,0.0,0.0,5.969305288,0.0,4.794537184,24.26546827,29.68045874,5.563451492,5.969305288,0.0,0.0,59.15492395,4.736862954,0.0,45.99609467,47.81896344,11.15768458,0.0,27.58885805,42.46456948,0.0,177.14,41.1752854,40.54022895,40.54577194,5.563451492,18.19910121,24.26546827,0.0,0.0,0.0,9.473725908,11.38269484,12.70408016,0.324131866,-4.430137646,8.065077075,0.0,0.0,0.136363636,2.5276,107.2561,-362.12135,-8.891,-0.754,8.137,3.62906,-3.283414346
42,Oc1cc(O)c2c(c1)OC(c1cc(O)c(O)c(O)c1)C(O)C2,epigallocatechin,10.18960223,-1.04973545,0.437093735,0.199776865,-0.507679031,0.863636364,2.136363636,2.028211111,717.9062011,-2.8,84086.30781,4.884859922,17.2485355,23.35250189,0.0,0.0,0.0,0.0,0.0,12.13273414,29.68045874,6.103966388,0.0,0.0,0.0,35.39237126,4.736862954,0.0,34.497071,36.74313076,6.420821623,0.0,17.23086937,24.26546827,0.0,130.61,29.45646828,30.63916437,29.23280861,5.563451492,18.19910121,6.066367068,0.0,0.0,0.0,4.736862954,5.567914777,0.0,0.599587847,-1.942601936,4.772506155,0.0,0.0,0.2,1.2517,74.2878,-264.34267,-8.936,-0.142,8.794,2.48527,-2.103734234
43,O=C(OC1Cc2c(O)cc(O)cc2OC1c1cc(O)c(O)c(O)c1)c1cc(O)c(O)c(O)c1,epigallocatechin_gallate,12.72163418,-1.181149166,0.211503237,0.338339156,-0.507679031,0.757575758,1.878787879,1.747260573,1221.427404,-4.67,17548920.07,7.786084613,23.35250189,40.60103739,0.0,0.0,5.969305288,0.0,4.794537184,24.26546827,29.68045874,5.563451492,5.969305288,0.0,0.0,53.08855689,4.736862954,0.0,51.7456065,52.92549083,11.15768458,0.0,27.58885805,36.39820241,0.0,197.37,52.67430906,45.64675634,40.3597116,0.0,30.33183534,6.066367068,0.0,0.0,0.0,9.473725908,11.28482258,12.72163418,-0.018859652,-6.060846152,6.180801902,0.0,0.0,0.136363636,2.2332,108.9209,-408.01174,-8.904,-0.909,7.995,3.2281,-3.160606917
44,CCOC(=O)/C=C(C)/C=C/C=C(C)/C=C/c1c(C)cc(OC)c(C)c1C,etretinate,11.37885562,-0.309191354,0.360701744,0.330498436,-0.496467708,1.076923077,2.384615385,2.891640465,762.1478766,-2.55,337514.845,10.44310486,5.749511833,0.0,0.0,0.0,5.969305288,0.0,4.794537184,75.43570076,6.076020107,13.71667951,12.04532539,0.0,0.0,69.84648263,4.736862954,0.0,5.749511833,19.68598479,9.531400138,20.7712116,43.02501757,47.59267666,6.076020107,35.53,0.0,4.794537184,5.969305288,6.606881965,16.89572089,28.32982607,14.03353474,32.07553472,38.98961888,9.473725908,10.31387503,11.37885562,6.788184458,0.617854488,2.073904297,12.3964583,1.70270487,0.347826087,5.64556,109.526,-102.23909,-8.602,-0.597,8.005,3.05665,-0.95551
45,C/C=C\CC,e_2_pentene,2.125,1.163194444,0.41363968,-0.037942873,-0.091674447,1.6,2.2,2.622415808,27.01955001,-0.26,11.2451125,3.74,0.0,0.0,0.0,0.0,0.0,0.0,0.0,13.34455882,0.0,0.0,0.0,0.0,0.0,12.15204021,0.0,0.0,0.0,0.0,0.0,0.0,20.26829602,12.15204021,0.0,0.0,0.0,0.0,0.0,0.0,6.420821623,0.0,0.0,6.9237372,19.07577741,0.0,0.0,0.0,0.0,0.0,0.0,4.15625,0.0,0.6,1.9725,25.105,-9.0488,-9.551,1.285,10.836,0.54548,-8.56371
46,C/C=C(\C)CC,e_3_methyl_2_pentene,2.162037037,1.190972222,0.427711459,-0.035176971,-0.088744907,1.666666667,2.166666667,3.218815056,51.05865003,-0.26,19.80026906,2.950970464,0.0,0.0,0.0,0.0,0.0,0.0,0.0,20.26829602,0.0,0.0,0.0,0.0,0.0,11.64912464,0.0,0.0,0.0,0.0,0.0,0.0,27.19203322,11.64912464,0.0,0.0,0.0,0.0,0.0,0.0,0.0,11.99392615,0.0,0.0,26.84723171,0.0,0.0,0.0,1.467592593,0.0,0.0,6.369212963,0.0,0.666666667,2.3626,29.722,-18.05062,-9.217,1.384,10.601,0.54203,-4.00733
47,CCC/C=C/CCC,e_4_octene,2.267361111,1.25,0.489976176,-0.035336121,-0.088549764,0.875,1.5,2.831978752,45.05865003,-0.26,61.49961227,6.74,0.0,0.0,0.0,0.0,0.0,0.0,0.0,12.84164325,0.0,0.0,0.0,0.0,0.0,12.15204021,0.0,0.0,0.0,0.0,0.0,0.0,39.53076089,12.15204021,0.0,0.0,0.0,0.0,0.0,0.0,0.0,25.68328649,0.0,0.0,25.99951461,0.0,0.0,0.0,0.0,0.0,0.0,4.409297052,0.0,0.75,3.1428,38.956,-24.85647,-9.591,1.234,10.825,0.08383,-8.517193191
48,COc1cc(/C=C/C(=O)O)ccc1O,ferulic_acid,10.22659037,-1.016627929,0.715320211,0.327821203,-0.504254344,1.5,2.785714286,2.948507337,368.3847897,-1.97,1295.218539,4.318275376,0.0,11.49902367,0.0,0.0,5.969305288,0.0,4.794537184,23.77220574,6.076020107,7.109797541,12.04532539,0.0,0.0,29.8385728,4.736862954,0.0,11.49902367,23.29215762,4.794537184,0.0,5.563451492,24.27512131,6.076020107,66.76,5.969305288,9.901064579,5.749511833,11.31296332,6.076020107,19.25218472,12.13273414,0.0,0.0,9.843390349,4.86111867,10.22659037,0.654675926,-0.671707766,4.58970616,0.0,1.430300926,0.1,1.4986,51.3286,-136.19243,-8.982,-0.944,8.038,3.29827,-6.083579836
49,Cc1c(O)cc2c(c1C)OC(C)(CCCC(C)CCCC(C)CCCC(C)C)CC2,gamma_tocopherol,10.10252295,-0.063669628,0.369700788,0.126258587,-0.507661396,0.9,2.066666667,1.690952705,663.0932037,-1.18,2551003.417,11.4421231,17.10007448,0.0,0.0,0.0,0.0,0.0,0.0,86.96493777,0.0,0.0,0.0,0.0,17.75371814,22.75672154,4.736862954,0.0,11.49902367,10.70757821,6.420821623,31.60119254,115.5172567,6.066367068,0.0,29.46,0.0,5.106527395,5.601050811,5.749511833,53.89259782,56.93002448,0.0,12.99010427,41.5424232,4.736862954,6.523582439,0.0,3.159312283,3.977623696,1.905903508,15.86134086,0.0,0.785714286,8.53184,129.6538,-187.65438,-8.142,0.321,8.463,2.09789,-0.348140041
50,NC(Cc1c[nH]cn1)C(=O)O,histidine,10.26253496,-1.006481481,0.541194499,0.320377732,-0.48007697,1.909090909,3.090909091,2.498760777,231.9852515,-1.36,394.8903508,3.156503765,6.041840829,0.0,0.0,0.0,5.969305288,4.794537184,4.983978521,0.0,12.61766519,12.02124807,5.969305288,9.967957042,5.733667477,18.21809164,5.733667477,0.0,0.0,27.08563055,11.21535881,0.0,5.693927995,12.52416365,0.0,92.0,12.01114612,4.794537184,6.420821623,5.693927995,0.0,6.327320075,6.196843572,0.0,9.967957042,10.84019487,0.0,16.81667706,5.920833333,-1.006481481,-0.862685185,0.0,0.0,0.333333333,-0.6359,37.9029,-61.69127,-9.528,0.352,9.88,4.18633,-3.71135231
51,Oc1ccc(O)cc1,hydroquinone,8.645555556,0.169259259,0.490727669,0.115345951,-0.507962237,0.75,1.25,3.032455532,145.3883389,-1.18,70.79892376,1.738120536,11.49902367,0.0,0.0,0.0,0.0,0.0,0.0,24.26546827,0.0,0.0,0.0,0.0,0.0,24.26546827,0.0,0.0,11.49902367,10.21305479,0.0,0.0,0.0,24.26546827,0.0,40.46,0.0,0.0,11.49902367,0.0,0.0,24.26546827,0.0,0.0,0.0,10.21305479,0.0,0.0,0.0,0.338518519,5.703703704,0.0,0.0,0.0,1.0978,29.7716,-65.18118,-8.786,-0.21,8.576,0.00017,-5.349610661
52,C/C=C/c1ccc(O)c(OC)c1,isoeugenol,9.254086357,0.171993575,0.726992658,0.160571545,-0.504254344,1.416666667,2.75,3.045828965,289.8900955,-1.44,552.9468755,3.809658461,0.0,11.49902367,0.0,0.0,0.0,0.0,0.0,24.61992283,0.0,7.109797541,6.076020107,0.0,0.0,29.8385728,4.736862954,0.0,11.49902367,12.21632494,0.0,0.0,12.48718869,24.27512131,6.076020107,29.46,0.0,5.106527395,5.749511833,5.749511833,5.563451492,7.109797541,12.13273414,25.14214448,0.0,4.736862954,4.948065949,0.0,1.020509259,0.67717876,5.237453704,1.943783069,1.536203704,0.2,2.4339,49.3668,-55.2519,-8.482,0.033,8.515,3.25177,-3.657380787
53,CC1=CC(O)CC(C)(C)C1/C=C/C(C)=C/C=C/C(C)=C/C=C/C=C(C)/C=C/C=C(C)/C=C/C1=C(C)CC(O)CC1(C)C,lutein,10.10526906,-0.330739128,0.203230429,0.072859559,-0.392763535,0.714285714,1.738095238,1.895098094,1274.371446,-2.94,462381263.6,16.05521328,0.0,0.0,0.0,0.0,0.0,0.0,0.0,77.20797354,5.917906046,12.20793278,0.0,0.0,16.74788698,130.1520333,0.0,0.0,0.0,22.42098757,0.0,16.74788698,88.49983687,130.1520333,0.0,40.46,0.0,10.21305479,23.03791371,5.917906046,19.26246487,39.01173171,0.0,6.076020107,154.3016535,0.0,0.0,0.0,8.731792847,0.348064703,0.0,21.62104143,0.0,0.45,10.4033,184.1016,-49.80494,-7.95,-0.626,7.324,1.41115,4.301358732
54,CC(C)=CCC/C(C)=C/C=C/C(C)=C/C=C/C(C)=C/C=C/C=C(C)/C=C/C=C(C)/C=C/C=C(\C)CCC=C(C)C,lycopene,2.296509834,1.115588192,0.135851284,-0.028512049,-0.085571032,0.35,0.925,4.702435253,1048.283539,-3.38,174613714.8,23.50288369,0.0,0.0,0.0,0.0,0.0,0.0,0.0,94.92065849,0.0,0.0,0.0,0.0,0.0,153.9531982,0.0,0.0,0.0,0.0,0.0,0.0,94.92065849,153.9531982,0.0,0.0,0.0,0.0,0.0,0.0,25.68328649,44.58483624,0.0,0.0,178.6057339,0.0,0.0,0.0,10.49724704,0.0,0.0,21.50867195,0.0,0.35,12.938,185.572,58.45819,-7.824,-0.562,7.262,1.34748,4.812184355
55,COC(=O)c1cc(O)c(O)c(O)c1,methyl_gallate,10.90309335,-0.703148148,0.438871148,0.337625501,-0.50414374,1.230769231,2.076923077,3.203722825,321.3827773,-1.91,736.7044153,3.220377951,0.0,17.2485355,0.0,0.0,5.969305288,0.0,4.794537184,12.13273414,0.0,12.67324903,5.969305288,0.0,0.0,17.69618563,0.0,0.0,17.2485355,28.39868501,4.736862954,0.0,10.35798868,12.13273414,0.0,86.99,23.21784079,4.794537184,5.563451492,0.0,12.13273414,7.109797541,0.0,0.0,4.736862954,15.31958218,4.343331444,10.90309335,-0.03212963,-2.500876795,2.001759259,0.0,1.169926304,0.125,0.59,42.7759,-190.03554,-9.298,-0.802,8.496,1.33148,-6.7338
56,c1ccc(Nc2ccc(Nc3ccccc3)cc2)cc1,nn_diphenyl_p_phenylenediamine,3.367199704,1.078529331,0.675538973,0.038522605,-0.355525138,0.35,1.0,1.6862844,585.51805,-2.74,65963.75193,5.934210068,0.0,0.0,0.0,0.0,0.0,0.0,0.0,48.53093655,22.7495451,0.0,22.7495451,0.0,0.0,84.92913896,10.63357721,22.7495451,0.0,0.0,0.0,0.0,0.0,84.92913896,0.0,24.06,0.0,0.0,0.0,0.0,22.7495451,0.0,0.0,36.39820241,59.16451376,0.0,0.0,0.0,4.344593029,0.0,28.58767423,0.0,0.0,0.0,5.1738,85.8914,78.51235,-7.891,-0.224,7.667,1.85677,-0.24116
57,Oc1cccc(O)c1,resorcinol,8.653055556,0.087962963,0.52458414,0.118763674,-0.50782333,1.0,1.75,3.077660438,166.3883389,-1.18,64.0524865,1.738120536,11.49902367,0.0,0.0,0.0,0.0,0.0,0.0,12.13273414,6.066367068,0.0,0.0,0.0,0.0,24.26546827,0.0,0.0,11.49902367,10.21305479,0.0,0.0,0.0,24.26546827,0.0,40.46,0.0,0.0,11.49902367,0.0,0.0,18.19910121,6.066367068,0.0,0.0,10.21305479,0.0,0.0,0.0,0.175925926,5.851296296,0.0,0.0,0.0,1.0978,29.7716,-68.40563,-9.207,0.016,9.223,1.26166,-5.019171625
58,CC(=O)OC/C=C(C)/C=C/C=C(C)/C=C/C1=C(C)CCCC1(C)C,retinyl_acetate,10.70945687,-0.250794345,0.435997523,0.302440045,-0.461623321,1.166666667,2.5,2.665028164,595.4594546,-1.83,111893.515,9.461980182,6.606881965,0.0,0.0,0.0,5.969305288,4.794537184,0.0,57.09779157,6.9237372,0.0,5.969305288,0.0,5.414990469,58.74853876,0.0,0.0,0.0,12.57618725,9.531400138,5.414990469,60.80488807,58.74853876,0.0,26.3,0.0,4.794537184,11.38429576,6.606881965,5.57310453,42.90551566,0.0,25.15179752,45.92300912,4.736862954,4.894330829,10.70945687,5.597529149,-0.250794345,0.0,12.80052696,0.0,0.5,6.0811,102.759,-84.69809,-8.487,-0.222,8.265,2.63245,-4.96185
59,CC(C)CCCC(C)CCCC(C)CCCC1(C)CCc2cc(O)ccc2O1,tocol,9.634652581,-0.047002961,0.393885872,0.12308861,-0.507951611,0.928571429,2.178571429,1.601331772,579.7955896,-1.18,1125795.833,11.12030613,17.10007448,0.0,0.0,0.0,0.0,0.0,0.0,74.12329453,0.0,0.0,0.0,0.0,17.75371814,23.7625527,4.736862954,0.0,11.49902367,10.70757821,6.420821623,17.75371814,104.3903537,18.19910121,0.0,29.46,0.0,5.106527395,5.601050811,5.749511833,48.32914633,51.36657298,6.066367068,12.13273414,34.618686,4.736862954,6.311962068,0.0,1.099623918,3.86316512,5.504295676,11.76904701,0.0,0.769230769,7.915,120.1798,-162.02093,-8.335,0.135,8.47,1.61198,-1.820158944
60,Cc1cc(O)c(C)c(C)c1O,trimethyl_1_4_benzenediol,9.400462963,0.247962963,0.558209095,0.121421933,-0.507661586,1.0,2.090909091,3.455546484,263.8544742,-1.18,256.3467848,2.455758659,11.49902367,0.0,0.0,0.0,0.0,0.0,0.0,43.52793314,0.0,0.0,0.0,0.0,0.0,22.75672154,0.0,0.0,11.49902367,10.21305479,0.0,20.7712116,16.69035448,6.066367068,0.0,40.46,0.0,10.21305479,11.49902367,5.563451492,11.12690298,0.0,26.83757867,0.0,0.0,0.0,0.0,0.0,2.209444444,0.526018519,1.56712963,5.336018519,0.0,0.333333333,2.02306,43.9826,-90.67819,-8.358,0.15,8.508,0.73514,-0.559615788
61,Cc1c(C)c2c(c(C)c1O)CCC(C)(C(=O)O)O2,trolox,11.25961987,-1.17300359,0.80320069,0.347263245,-0.507381418,1.222222222,2.388888889,2.607781694,533.3309085,-1.71,8738.767939,3.901270359,11.49902367,0.0,5.601050811,0.0,5.969305288,0.0,4.794537184,50.8061249,11.98427311,0.0,5.969305288,0.0,0.0,22.25380597,4.736862954,0.0,11.49902367,21.78341089,11.21535881,20.7712116,35.59836479,0.0,0.0,66.76,11.5703561,15.00759197,5.749511833,18.59115508,22.25380597,0.0,6.9237372,20.7712116,0.0,4.736862954,5.717638889,11.25961987,2.114984883,-0.038278534,0.0,7.094809146,0.0,0.5,2.48576,67.3076,-185.33026,-8.559,0.0,8.559,4.58105,-1.052683357
62,O=C1OC(C(O)CO)C(O)=C1O,vitamine_c,10.5324452,-1.417962963,0.385005401,0.377497234,-0.5050473,1.5,2.416666667,2.796067066,232.1928095,-1.27,518.6003776,2.99698026,6.103966388,11.86313126,5.759164872,0.0,5.969305288,0.0,4.794537184,0.0,0.0,6.606881965,5.969305288,0.0,0.0,11.51832974,0.0,0.0,0.0,45.21022961,9.531400138,0.0,0.0,11.51832974,0.0,107.22,36.30244977,4.794537184,0.0,0.0,0.0,0.0,0.0,0.0,4.736862954,20.42610958,4.315509259,10.5324452,0.0,-2.778657407,0.0,-0.671342593,0.0,0.5,-1.4074,35.2562,-228.07496,-9.358,-0.343,9.015,2.17497,-4.135166557
63,CC1=C(/C=C/C(C)=C/C=C/C(C)=C/C=C/C=C(C)/C=C/C=C(C)/C=C/C2=C(C)CC(O)CC2(C)C)C(C)(C)CC(O)C1,zeaxanthin,10.10543,-0.226572462,0.257356992,0.058526656,-0.392763535,0.547619048,1.19047619,1.903706331,1188.558927,-2.94,462381263.6,16.05521328,0.0,0.0,0.0,0.0,0.0,0.0,0.0,89.20189969,0.0,12.20793278,0.0,0.0,10.82998094,129.6491177,0.0,0.0,0.0,22.42098757,0.0,10.82998094,94.92065849,129.6491177,0.0,40.46,0.0,10.21305479,23.03791371,0.0,25.68328649,44.58483624,0.0,0.0,154.3016535,0.0,0.0,0.0,10.06331855,0.0,0.0,21.60338531,0.0,0.45,10.5474,184.1716,-52.6093,-7.941,-0.605,7.336,2.03395,4.53044664
64,C/C=C(/C)CC,z_3_methyl_2_pentene,2.162037037,1.190972222,0.427711459,-0.035176971,-0.088744907,1.666666667,2.166666667,3.218815056,51.05865003,-0.26,19.80026906,2.950970464,0.0,0.0,0.0,0.0,0.0,0.0,0.0,20.26829602,0.0,0.0,0.0,0.0,0.0,11.64912464,0.0,0.0,0.0,0.0,0.0,0.0,27.19203322,11.64912464,0.0,0.0,0.0,0.0,0.0,0.0,0.0,11.99392615,0.0,0.0,26.84723171,0.0,0.0,0.0,1.467592593,0.0,0.0,6.369212963,0.0,0.666666667,2.3626,29.722,-18.14037,-9.221,1.385,10.606,0.46746,-5.93835
65,CCC/C=C(/C)CCC,z_4_methyl_4_octene,2.350694444,1.255787037,0.505363224,-0.032571125,-0.085620803,1.222222222,2.333333333,3.304573376,80.03910002,-0.26,90.44046466,5.869198966,0.0,0.0,0.0,0.0,0.0,0.0,0.0,19.76538045,0.0,0.0,0.0,0.0,0.0,11.64912464,0.0,0.0,0.0,0.0,0.0,0.0,46.45449809,11.64912464,0.0,0.0,0.0,0.0,0.0,0.0,0.0,25.68328649,5.57310453,0.0,26.84723171,0.0,0.0,0.0,1.554953704,0.0,0.0,6.664852608,0.0,0.777777778,3.5329,43.573,-33.87421,-9.233,1.332,10.565,0.52538,-6.53306183
66,CCC/C=C\CCC,z_4_octene,2.267361111,1.25,0.489976176,-0.035336121,-0.088549764,0.875,1.5,2.831978752,45.05865003,-0.26,61.49961227,6.74,0.0,0.0,0.0,0.0,0.0,0.0,0.0,12.84164325,0.0,0.0,0.0,0.0,0.0,12.15204021,0.0,0.0,0.0,0.0,0.0,0.0,39.53076089,12.15204021,0.0,0.0,0.0,0.0,0.0,0.0,0.0,25.68328649,0.0,0.0,25.99951461,0.0,0.0,0.0,0.0,0.0,0.0,4.409297052,0.0,0.75,3.1428,38.956,-24.12242,-9.618,1.205,10.823,0.48991,-8.312398779
67,CCCCCCCC/C=C\CCCCCCCCCCCCC,z_9_tricosene,2.430330765,1.309678819,0.164269656,-0.035073467,-0.088539282,0.347826087,0.913043478,3.02306934,216.0782,-0.26,119072.7724,21.74,0.0,0.0,0.0,0.0,0.0,0.0,0.0,25.68328649,0.0,0.0,0.0,0.0,0.0,12.15204021,0.0,0.0,0.0,0.0,0.0,0.0,135.8430852,12.15204021,0.0,0.0,0.0,0.0,0.0,0.0,0.0,121.9956108,0.0,0.0,25.99951461,0.0,0.0,0.0,0.0,0.0,0.0,4.584550851,0.0,0.913043478,8.9943,108.211,-100.75537,-9.588,1.222,10.81,0.39629,-8.43
68,CC1=C(C(CCC1=O)(C)C)/C=C/C(=C/C=C/C(=C/C=C/C=C(/C=C/C=C(/C=C/C2=C(C(=O)CCC2(C)C)C)\C)\C)/C)/C,canthaxanthin,12.15079959,0.040418059,0.247305708,0.158406746,-0.294557033,0.523809524,1.19047619,1.927221234,1272.274143,-3.52,549412676.9,15.63579132,0.0,11.56648989,0.0,0.0,0.0,9.589074368,0.0,87.5064655,12.84164325,0.0,11.56648989,0.0,10.82998094,129.6491177,0.0,0.0,0.0,11.56648989,9.589074368,10.82998094,94.92065849,129.6491177,0.0,34.14,0.0,9.589074368,22.39647083,12.84164325,57.42647949,0.0,0.0,13.8474744,140.4541791,0.0,0.0,24.30159918,8.823545335,0.542257226,0.0,21.12401827,0.0,0.4,10.9638,182.172,-26.33582,-8.072,-0.76,7.312,3.12859,4.66
69,C1=CC(=C(C=C1C2=C(C(=O)C3=C(C=C(C=C3O2)O)O)O)O)O,quercetin,12.14287431,-0.887671485,0.43419044,0.238288582,-0.507678166,0.818181818,2.227272727,2.377257968,956.2426828,-3.35,86490.52307,4.589937947,22.46826802,17.25927109,11.17830223,0.0,0.0,4.794537184,0.0,18.19910121,17.69618563,0.0,10.96924436,0.0,0.0,40.55516292,5.428790392,0.0,28.74755917,25.53263697,0.0,0.0,0.0,39.54352346,22.29294327,131.36,22.67732589,30.32717416,33.79196693,0.0,24.26546827,6.066367068,0.0,0.0,0.0,4.417150937,5.353238851,12.14287431,-0.889988662,-2.713941746,5.640871718,0.0,0.0,0.0,1.988,76.244,-236.50178,-8.829,-1.197,7.632,3.10544,-7.23
70,CC1=C(C2=C(CCC(O2)(C)C)C(=C1O)C)C,6_hydroxy_22578_pentamethylchroman,10.01767952,-0.089670257,0.725578187,0.126508765,-0.507381418,1.0625,2.3125,2.649074353,444.783943,-1.18,3261.297757,3.406995952,17.10007448,0.0,0.0,0.0,0.0,0.0,0.0,64.15068372,5.563451492,0.0,0.0,0.0,0.0,22.25380597,4.736862954,0.0,11.49902367,10.70757821,6.420821623,20.7712116,42.52210199,0.0,0.0,29.46,0.0,5.106527395,5.601050811,5.749511833,35.28150955,5.563451492,0.0,20.7712116,13.8474744,4.736862954,6.055601852,0.0,4.084727891,1.420005669,0.0,10.18029101,0.0,0.571428571,3.42106,65.3458,-109.55595,-8.022,0.424,8.446,1.13185,-0.503
71,CC1=CC(=C(C(=C1)C(C)(C)C)O)CC2=C(C(=CC(=C2)C)C(C)(C)C)O,2_2_methylenebis4_methyl_6_tert_butylphenol,10.8179182,-0.128896329,0.714220518,0.122346054,-0.507350125,0.64,1.24,2.584151697,719.7059188,-1.96,146270.1442,6.40152496,11.49902367,0.0,0.0,0.0,0.0,0.0,0.0,46.9312613,6.420821623,0.0,0.0,0.0,0.0,57.64617722,0.0,0.0,11.49902367,10.21305479,17.25080256,13.8474744,74.92313215,24.26546827,0.0,40.46,0.0,10.21305479,10.82998094,17.91984529,33.38070895,0.0,0.0,12.13273414,67.52263173,0.0,0.0,0.0,5.626067728,0.687619992,8.136162132,16.72662856,0.0,0.47826087,5.90044,105.8936,-119.15188,-8.278,0.162,8.44,3.19035,-2.68
72,CC(C)(C)C1=CC(=C(C=C1O)C(C)(C)C)O,2_5_di_tert_butylhydroquinone,10.00363426,-0.168672997,0.657115481,0.119367129,-0.507638359,0.6875,1.125,3.397037983,352.6719729,-1.18,1618.626608,3.687062836,11.49902367,0.0,0.0,0.0,0.0,0.0,0.0,22.96271508,11.12690298,0.0,0.0,0.0,0.0,23.25963712,0.0,0.0,11.49902367,10.21305479,10.82998094,0.0,52.66932618,12.13273414,0.0,40.46,0.0,10.21305479,22.32900461,0.0,11.12690298,0.0,12.13273414,41.5424232,0.0,0.0,0.0,0.0,1.214505858,0.518935185,3.353009259,12.07294785,0.0,0.571428571,3.6928,67.1716,-111.29693,-8.391,0.111,8.502,0.00046,-1.81
73,CC1=C(C(=C(C(=C1O)OC)OC)O)C/C=C(\C)/CC/C=C(\C)/CC/C=C(\C)/CC/C=C(\C)/CC/C=C(\C)/CC/C=C(\C)/CC/C=C(\C)/CC/C=C(\C)/CC/C=C(\C)/CCC=C(C)C,ubiquinol10,10.74766156,0.006340414,0.05766344,0.206822932,-0.503962806,0.349206349,0.80952381,2.319325615,1840.834341,-4.18,9580000000000.0,33.34610692,0.0,11.49902367,11.49902367,0.0,0.0,0.0,0.0,205.0804572,11.12690298,14.21959508,0.0,0.0,0.0,127.6181494,9.473725908,0.0,22.99804733,24.43264987,6.420821623,6.9237372,202.8628014,116.4912464,0.0,58.92,0.0,10.21305479,22.99804733,17.54772461,96.31232434,89.21310525,6.9237372,0.0,136.9213103,9.473725908,10.54780704,0.0,15.91421959,0.355558108,0.0,26.50798341,2.912973961,0.559322034,18.47062,277.6666,-206.16455,-8.371,-0.028,8.343,2.47157,-0.65201
